-149.6,-80.18531849,42.68628281,-152.3787359,-13.20006997
-149.4,-79.14487916,42.67917243,-146.2706402,-12.66782982
-149.2,-78.51218085,42.66726705,-140.4184587,-12.15557199
-149,-77.98995846,42.65081735,-134.8106077,-11.66243661
-148.8,-77.51087844,42.6300612,-129.4360539,-11.18760184
-148.6,-77.05271384,42.60522438,-124.2842867,-10.73028208
-148.4,-76.60636836,42.5765212,-119.3452922,-10.28972627
-148.2,-76.1675512,42.54415512,-114.6095288,-9.865216284
-148,-75.73402119,42.50831936,-110.0679035,-9.456065433
-147.8,-75.3045139,42.46919739,-105.7117501,-9.061616962
-147.6,-74.87827137,42.42696353,-101.5328078,-8.681242692
-147.4,-74.45481626,42.38178333,-97.52320156,-8.314341689
-147.2,-74.03383547,42.33381412,-93.67542305,-7.960339014
-147,-73.61511639,42.2832054,-89.98231272,-7.618684523
-146.8,-73.19851018,42.23009923,-86.43704275,-7.28885173
-146.6,-72.78390995,42.17463067,-83.03310091,-6.970336722
-146.4,-72.37123703,42.11692809,-79.76427522,-6.662657123
-146.2,-71.96043233,42.05711356,-76.62463936,-6.365351117
-146,-71.55145055,41.99530314,-73.60853885,-6.077976502
-145.8,-71.14425633,41.9316072,-70.71057796,-5.800109803
-145.6,-70.7388216,41.86613071,-67.92560719,-5.53134542
-145.4,-70.3351237,41.79897352,-65.24871146,-5.271294815
-145.2,-69.93314406,41.73023061,-62.6751989,-5.019585743
-145,-69.53286723,41.65999234,-60.20059007,-4.775861511
-144.8,-69.13428016,41.58834469,-57.82060794,-4.539780281
-144.6,-68.73737168,41.51536946,-55.53116815,-4.311014397
-144.4,-68.34213211,41.44114452,-53.3283699,-4.089249749
-144.2,-67.94855294,41.36574394,-51.20848724,-3.874185163
-144,-67.55662661,41.28923824,-49.16796078,-3.665531824
-143.8,-67.16634632,41.21169455,-47.20338986,-3.46301272
-143.6,-66.77770586,41.13317673,-45.31152503,-3.266362118
-143.4,-66.39069958,41.05374563,-43.48926097,-3.075325053
-143.2,-66.00532221,40.97345912,-41.73362974,-2.889656859
-143,-65.62156882,40.89237234,-40.04179434,-2.709122702
-142.8,-65.23943477,40.81053775,-38.4110426,-2.533497148
-142.6,-64.8589157,40.72800533,-36.83878138,-2.362563744
-142.4,-64.48000738,40.64482264,-35.32253101,-2.19611462
-142.2,-64.10270578,40.56103499,-33.85992006,-2.033950111
-142,-63.72700705,40.47668549,-32.44868034,-1.87587839
-141.8,-63.35290738,40.39181524,-31.08664212,-1.721715132
-141.6,-62.98040313,40.30646332,-29.77172958,-1.571283168
-141.4,-62.60949071,40.22066698,-28.50195655,-1.424412187
-141.2,-62.24016661,40.13446167,-27.27542236,-1.280938419
-141,-61.87242741,40.04788115,-26.09030794,-1.140704362
-140.8,-61.50626969,39.96095758,-24.94487212,-1.003558492
-140.6,-61.14169012,39.87372154,-23.83744806,-0.869355014
-140.4,-60.77868539,39.78620219,-22.7664399,-0.737953605
-140.2,-60.41725223,39.69842727,-21.73031954,-0.609219176
-140,-60.05738738,39.6104232,-20.72762355,-0.483021638
-139.8,-59.69908764,39.52221511,-19.75695033,-0.359235697
-139.6,-59.34234979,39.43382695,-18.81695724,-0.237740626
-139.4,-58.98717064,39.34528149,-17.90635803,-0.118420085
-139.2,-58.63354704,39.25660041,-17.02392028,-0.001161914
-139,-58.28147581,39.16780435,-16.16846301,0.114142039
-138.8,-57.93095381,39.07891294,-15.3388544,0.227596095
-138.6,-57.58197789,38.98994487,-14.53400957,0.339300914
-138.4,-57.23454492,38.9009179,-13.75288857,0.449353651
-138.2,-56.88865175,38.81184895,-12.99449433,0.557848108
-138,-56.54429528,38.72275407,-12.25787079,0.664874882
-137.8,-56.20147235,38.63364857,-11.54210115,0.770521503
-137.6,-55.86017984,38.54454697,-10.84630606,0.874872566
-137.4,-55.52041465,38.4554631,-10.16964204,0.978009861
-137.2,-55.18217362,38.36641008,-9.511299923,1.080012492
-137,-54.84545364,38.27740037,-8.870503339,1.180957
-136.8,-54.51025157,38.18844585,-8.24650729,1.280917462
-136.6,-54.17656429,38.09955775,-7.638596821,1.379965613
-136.4,-53.84438865,38.01074676,-7.046085703,1.478170935
-136.2,-53.51372153,37.92202303,-6.468315203,1.575600763
-136,-53.18455977,37.83339617,-5.904652914,1.672320376
-135.8,-52.85690023,37.74487531,-5.354491614,1.768393085
-135.6,-52.53073976,37.6564691,-4.817248212,1.863880319
-135.4,-52.2060752,37.56818575,-4.292362712,1.95884171
-135.2,-51.88290341,37.48003303,-3.779297228,2.053335167
-135,-51.5612212,37.39201829,-3.277535075,2.147416952
-134.8,-51.24102542,37.30414851,-2.786579847,2.241141756
-134.6,-50.92231288,37.21643027,-2.305954591,2.334562763
-134.4,-50.60508041,37.12886981,-1.835200974,2.427731715
-134.2,-50.28932481,37.04147301,-1.37387853,2.520698981
-134,-49.9750429,36.95424545,-0.92156389,2.613513609
-133.8,-49.66223148,36.86719236,-0.477850093,2.706223393
-133.6,-49.35088735,36.78031871,-0.042345923,2.798874917
-133.4,-49.04100728,36.69362915,0.385324786,2.89151362
-133.2,-48.73258808,36.60712809,0.805523704,2.984183834
-133,-48.42562651,36.52081966,1.218598653,3.076928845
-132.8,-48.12011935,36.43470774,1.624884128,3.169790929
-132.6,-47.81606337,36.34879599,2.024701854,3.262811398
-132.4,-47.51345531,36.26308783,2.418361306,3.356030651
-132.2,-47.21229194,36.17758647,2.806160189,3.449488201
-132,-46.91257,36.0922949,3.188384907,3.543222724
-131.8,-46.61428622,36.00721594,3.565311031,3.63727209
-131.6,-46.31743735,35.92235219,3.937203705,3.731673404
-131.4,-46.02202011,35.83770609,4.304318069,3.826463034
-131.2,-45.72803121,35.75327991,4.666899661,3.921676645
-131,-45.43546738,35.66907573,5.025184758,4.017349232
-130.8,-45.14432532,35.58509552,5.379400794,4.113515148
-130.6,-44.85460173,35.50134105,5.729766629,4.210208133
-130.4,-44.56629331,35.41781398,6.076492947,4.307461336
-130.2,-44.27939674,35.33451583,6.419782525,4.405307348
-130,-43.9939087,35.25144797,6.759830555,4.503778223
-129.8,-43.70982587,35.16861167,7.096824914,4.602905498
-129.6,-43.42714492,35.08600806,7.430946465,4.70272022
-129.4,-43.1458625,35.00363817,7.762369287,4.803252966
-129.2,-42.86597528,34.92150294,8.091260961,4.904533862
-129,-42.5874799,34.83960316,8.417782781,5.006592601
-128.8,-42.31037301,34.75793956,8.74209,5.109458465
-128.6,-42.03465123,34.67651277,9.064332057,5.213160336
-128.4,-41.76031121,34.59532332,9.384652769,5.317726719
-128.2,-41.48734956,34.51437165,9.703190537,5.423185757
-128,-41.2157629,34.43365815,10.02007857,5.529565234
-127.8,-40.94554783,34.3531831,10.33544502,5.63689261
-127.6,-40.67670097,34.27294672,10.64941319,5.745195012
-127.4,-40.40921891,34.19294915,10.96210171,5.854499262
-127.2,-40.14309824,34.11319048,11.27362467,5.964831882
-127,-39.87833554,34.03367072,11.58409182,6.076219104
-126.8,-39.6149274,33.95438983,11.89360867,6.188686885
-126.6,-39.35287038,33.87534771,12.20227666,6.302260912
-126.4,-39.09216106,33.7965442,12.51019329,6.416966612
-126.2,-38.83279598,33.71797909,12.81745227,6.532829164
-126,-38.5747717,33.63965212,13.1241436,6.649873501
-125.8,-38.31808478,33.56156298,13.43035375,6.768124321
-125.6,-38.06273174,33.48371132,13.73616573,6.887606093
-125.4,-37.80870912,33.40609675,14.04165921,7.00834306
-125.2,-37.55601346,33.32871883,14.34691063,7.130359254
-125,-37.30464125,33.25157709,14.65199333,7.253678485
-124.8,-37.05458904,33.17467102,14.95697758,7.378324362
-124.6,-36.80585332,33.09800007,15.26193074,7.504320287
-124.4,-36.5584306,33.02156366,15.56691732,7.631689461
-124.2,-36.31231737,32.94536119,15.87199908,7.760454888
-124,-36.06751012,32.86939201,16.17723507,7.890639379
-123.8,-35.82400534,32.79365546,16.48268177,8.022265549
-123.6,-35.5817995,32.71815085,16.78839313,8.155355823
-123.4,-35.34088907,32.64287746,17.09442065,8.289932442
-123.2,-35.10127053,32.56783453,17.40081345,8.42601745
-123,-34.86294031,32.49302133,17.70761835,8.563632711
-122.8,-34.62589489,32.41843704,18.01487991,8.702799897
-122.6,-34.3901307,32.34408087,18.32264051,8.843540495
-122.4,-34.15564418,32.26995201,18.6309404,8.985875802
-122.2,-33.92243177,32.19604959,18.93981779,9.129826927
-122,-33.69048989,32.12237277,19.24930884,9.275414792
-121.8,-33.45981497,32.04892068,19.5594478,9.422660121
-121.6,-33.23040341,31.97569242,19.87026696,9.571583452
-121.4,-33.00225163,31.90268709,20.18179681,9.722205123
-121.2,-32.77535602,31.82990379,20.49406598,9.874545277
-121,-32.54971298,31.75734158,20.80710139,10.02862385
-120.8,-32.32531891,31.68499952,21.1209282,10.18446059
-120.6,-32.10217017,31.61287668,21.43556991,10.34207502
-120.4,-31.88026315,31.5409721,21.7510484,10.50148646
-120.2,-31.65959422,31.4692848,22.06738395,10.66271402
-120,-31.44015973,31.39781382,22.38459527,10.8257766
-119.8,-31.22195605,31.32655817,22.70269958,10.99069284
-119.6,-31.00497952,31.25551687,23.02171259,11.1574812
-119.4,-30.78922648,31.18468892,23.34164861,11.32615988
-119.2,-30.57469327,31.11407333,23.66252048,11.49674686
-119,-30.36137623,31.0436691,23.98433972,11.66925985
-118.8,-30.14927166,30.9734752,24.30711647,11.84371635
-118.6,-29.93837588,30.90349063,24.63085955,12.02013357
-118.4,-29.72868521,30.83371438,24.95557652,12.1985285
-118.2,-29.52019595,30.76414542,25.28127368,12.37891783
-118,-29.31290438,30.69478273,25.60795609,12.561318
-117.8,-29.10680679,30.62562529,25.93562761,12.74574516
-117.6,-28.90189948,30.55667207,26.26429094,12.93221518
-117.4,-28.6981787,30.48792204,26.59394764,13.12074365
-117.2,-28.49564072,30.41937418,26.92459813,13.31134585
-117,-28.2942818,30.35102745,27.25624175,13.50403675
-116.8,-28.09409819,30.28288083,27.58887676,13.69883104
-116.6,-27.89508613,30.21493328,27.9225004,13.89574304
-116.4,-27.69724187,30.14718377,28.25710884,14.0947868
-116.2,-27.50056161,30.07963128,28.5926973,14.29597599
-116,-27.30504159,30.01227477,28.92925998,14.49932396
-115.8,-27.11067801,29.94511322,29.26679017,14.70484372
-115.6,-26.91746708,29.8781456,29.60528018,14.9125479
-115.4,-26.72540499,29.81137089,29.94472146,15.12244878
-115.2,-26.53448792,29.74478805,30.2851045,15.33455828
-115,-26.34471207,29.67839608,30.62641899,15.54888791
-114.8,-26.15607358,29.61219395,30.96865373,15.76544881
-114.6,-25.96856863,29.54618064,31.3117967,15.98425173
-114.4,-25.78219336,29.48035513,31.65583506,16.205307
-114.2,-25.59694393,29.41471642,32.0007552,16.42862454
-114,-25.41281645,29.34926349,32.34654272,16.65421387
-113.8,-25.22980705,29.28399534,32.69318245,16.88208405
-113.6,-25.04791186,29.21891097,33.04065854,17.11224373
-113.4,-24.86712696,29.15400937,33.38895438,17.3447011
-113.2,-24.68744845,29.08928954,33.73805266,17.5794639
-113,-24.50887243,29.0247505,34.08793542,17.8165394
-112.8,-24.33139495,28.96039125,34.438584,18.05593443
-112.6,-24.15501209,28.8962108,34.78997913,18.29765532
-112.4,-23.97971989,28.83220818,35.1421009,18.54170791
-112.2,-23.8055144,28.7683824,35.49492878,18.78809757
-112,-23.63239164,28.7047325,35.84844167,19.03682914
-111.8,-23.46034763,28.64125749,36.20261787,19.28790697
-111.6,-23.28937839,28.57795641,36.55743513,19.5413349
-111.4,-23.11947988,28.5148283,36.91287067,19.79711623
-111.2,-22.95064812,28.45187221,37.26890116,20.05525374
-111,-22.78287905,28.38908717,37.6255028,20.31574967
-110.8,-22.61616863,28.32647224,37.98265124,20.57860569
-110.6,-22.4505128,28.26402648,38.34032173,20.84382297
-110.4,-22.28590751,28.20174893,38.698489,21.11140207
-110.2,-22.12234864,28.13963868,39.05712734,21.381343
-110,-21.95983211,28.07769478,39.41621065,21.65364521
-109.8,-21.7983538,28.01591631,39.77571238,21.92830756
-109.6,-21.63790957,27.95430235,40.13560561,22.20532831
-109.4,-21.47849529,27.89285198,40.49586302,22.48470515
-109.2,-21.32010678,27.83156429,40.85645694,22.76643516
-109,-21.16273987,27.77043837,41.21735935,23.05051483
-108.8,-21.00639036,27.70947332,41.57854189,23.33694
-108.6,-20.85105403,27.64866825,41.93997587,23.62570596
-108.4,-20.69672665,27.58802225,42.30163231,23.91680731
-108.2,-20.54340398,27.52753443,42.66348196,24.21023809
-108,-20.39108174,27.46720393,43.02549526,24.50599165
-107.8,-20.23975564,27.40702985,43.38764242,24.80406076
-107.6,-20.08942136,27.34701134,43.74989339,25.10443751
-107.4,-19.94007459,27.2871475,44.1122179,25.40711338
-107.2,-19.79171097,27.22743749,44.47458545,25.71207918
-107,-19.64432611,27.16788045,44.83696536,26.01932508
-106.8,-19.49791562,27.10847552,45.19932677,26.32884061
-106.6,-19.35247509,27.04922185,45.56163862,26.64061461
-106.4,-19.20800006,26.99011861,45.92386972,26.95463531
-106.2,-19.06448607,26.93116494,46.28598871,27.27089023
-106,-18.92192861,26.87236002,46.64796413,27.58936628
-105.8,-18.78032316,26.81370302,47.00976438,27.91004966
-105.6,-18.63966518,26.75519311,47.37135779,28.23292593
-105.4,-18.49995007,26.69682948,47.73271257,28.55797999
-105.2,-18.36117324,26.63861131,48.09379686,28.88519605
-105,-18.22333004,26.5805378,48.45457876,29.21455767
-104.8,-18.08641579,26.52260813,48.81502629,29.54604774
-104.6,-17.9504258,26.46482152,49.17510748,29.87964849
-104.4,-17.81535533,26.40717715,49.53479029,30.21534145
-104.2,-17.68119961,26.34967426,49.89404268,30.55310754
-104,-17.54795382,26.29231205,50.25283265,30.89292698
-103.8,-17.41561312,26.23508974,50.61112818,31.23477932
-103.6,-17.28417264,26.17800655,50.96889727,31.57864348
-103.4,-17.15362744,26.12106172,51.326108,31.9244977
-103.2,-17.02397256,26.06425449,51.68272847,32.27231958
-103,-16.895203,26.00758408,52.03872684,32.62208604
-102.8,-16.7673137,25.95104975,52.39407137,32.97377339
-102.6,-16.64029956,25.89465074,52.74873039,33.32735727
-102.4,-16.51415546,25.83838631,53.10267233,33.68281267
-102.2,-16.38887618,25.78225571,53.45586572,34.04011397
-102,-16.2644565,25.72625821,53.80827924,34.39923491
-101.8,-16.14089111,25.67039308,54.15988165,34.76014859
-101.6,-16.01817468,25.61465959,54.5106419,35.12282749
-101.4,-15.89630178,25.55905701,54.86052906,35.48724349
-101.2,-15.77526697,25.50358463,55.20951238,35.85336786
-101,-15.65506472,25.44824173,55.55756127,36.22117124
-100.8,-15.53568944,25.3930276,55.90464533,36.59062371
-100.6,-15.41713549,25.33794154,56.25073432,36.96169474
-100.4,-15.29939715,25.28298285,56.59579825,37.33435322
-100.2,-15.18246864,25.22815083,56.9398073,37.70856747
-100,-15.06634409,25.17344479,57.28273188,38.08430524
-99.8,-14.95101759,25.11886404,57.62454262,38.46153373
-99.6,-14.83648311,25.0644079,57.9652104,38.8402196
-99.4,-14.72273458,25.01007568,58.30470633,39.22032895
-99.2,-14.60976582,24.95586673,58.64300177,39.60182737
-99,-14.49757058,24.90178036,58.98006835,39.98467991
-98.8,-14.38614251,24.84781592,59.31587794,40.36885113
-98.6,-14.27547517,24.79397273,59.65040272,40.75430509
-98.4,-14.16556203,24.74025015,59.98361513,41.14100535
-98.2,-14.05639646,24.68664751,60.31548789,41.52891499
-98,-13.94797173,24.63316417,60.64599403,41.91799665
-97.8,-13.84028098,24.5797995,60.97510687,42.30821248
-97.6,-13.73331728,24.52655283,61.30280005,42.69952421
-97.4,-13.62707354,24.47342355,61.6290475,43.09189314
-97.2,-13.52154258,24.42041101,61.9538235,43.48528014
-97,-13.4167171,24.36751459,62.27710262,43.87964568
-96.8,-13.31258965,24.31473366,62.59885979,44.27494984
-96.6,-13.20915265,24.26206761,62.91907024,44.6711523
-96.4,-13.10639841,24.20951582,63.23770957,45.06821241
-96.2,-13.00431906,24.15707766,63.55475372,45.46608913
-96,-12.9029066,24.10475255,63.87017896,45.86474109
-95.8,-12.80215287,24.05253986,64.18396192,46.26412661
-95.6,-12.70204955,24.00043901,64.49607959,46.66420368
-95.4,-12.60258816,23.94844939,64.80650933,47.06493
-95.2,-12.50376005,23.89657041,65.11522883,47.46626299
-95,-12.40555636,23.84480148,65.42221619,47.86815978
-94.8,-12.30796808,23.79314202,65.72744984,48.27057726
-94.6,-12.210986,23.74159143,66.03090863,48.67347209
-94.4,-12.11460068,23.69014916,66.3325717,49.07680068
-94.2,-12.0188025,23.63881461,66.63241867,49.48051926
-94,-11.92358163,23.58758722,66.93042948,49.88458384
-93.8,-11.82892799,23.53646643,67.22658444,50.28895025
-93.6,-11.73483127,23.48545166,67.5208643,50.69357418
-93.4,-11.64128094,23.43454236,67.81325013,51.09841114
-93.2,-11.54826619,23.38373797,68.10372344,51.50341653
-93,-11.45577596,23.33303793,68.39226608,51.90854562
-92.8,-11.36379893,23.28244171,68.67886034,52.31375358
-92.6,-11.27232349,23.23194875,68.96348883,52.71899548
-92.4,-11.18133772,23.1815585,69.24613464,53.12422634
-92.2,-11.09082942,23.13127043,69.52678115,53.52940111
-92,-11.00078606,23.08108401,69.80541221,53.93447471
-91.8,-10.91119478,23.0309987,70.08201202,54.33940201
-91.6,-10.8220424,22.98101397,70.35656517,54.7441379
-91.4,-10.73331536,22.93112929,70.62905667,55.14863726
-91.2,-10.64499974,22.88134415,70.89947187,55.55285499
-91,-10.55708126,22.83165802,71.16779656,55.95674603
-90.8,-10.46954521,22.78207039,71.43401688,56.36026538
-90.6,-10.38237649,22.73258073,71.69811937,56.76336809
-90.4,-10.29555956,22.68318856,71.96009095,57.16600931
-90.2,-10.20907846,22.63389335,72.21991894,57.56814428
-90,-10.12291674,22.5846946,72.47759103,57.96972835
-89.8,-10.0370575,22.53559181,72.73309529,58.37071699
-89.6,-9.951483304,22.48658449,72.98642017,58.77106584
-89.4,-9.866176246,22.43767214,73.23755451,59.17073066
-89.2,-9.781117858,22.38885427,73.48648752,59.56966742
-89,-9.696289124,22.3401304,73.73320876,59.96783224
-88.8,-9.611670453,22.29150002,73.97770821,60.36518146
-88.6,-9.527241653,22.24296268,74.21997618,60.76167164
-88.4,-9.442981914,22.19451787,74.46000336,61.15725954
-88.2,-9.358869778,22.14616514,74.69778081,61.5519022
-88,-9.274883129,22.097904,74.93329994,61.94555688
-87.8,-9.190999145,22.04973398,75.16655255,62.33818113
-87.6,-9.107194294,22.00165462,75.39753075,62.72973278
-87.4,-9.023444298,21.95366545,75.62622706,63.12016994
-87.2,-8.939724099,21.90576601,75.85263431,63.50945105
-87,-8.856007848,21.85795584,76.07674568,63.89753484
-86.8,-8.772268856,21.81023449,76.29855473,64.28438042
-86.6,-8.688479577,21.76260149,76.51805535,64.66994718
-86.4,-8.60461157,21.7150564,76.73524172,65.05419492
-86.2,-8.52063547,21.66759878,76.95010846,65.43708379
-86,-8.436520954,21.62022817,77.16265042,65.81857431
-85.8,-8.352236703,21.57294413,77.37286286,66.1986274
-85.6,-8.267750373,21.52574622,77.58074131,66.57720437
-85.4,-8.183028554,21.47863401,77.78628166,66.95426695
-85.2,-8.09803673,21.43160706,77.98948013,67.3297773
-85,-8.012739249,21.38466494,78.19033322,67.703698
-84.8,-7.927099275,21.33780721,78.38883779,68.07599207
-84.6,-7.841078752,21.29103345,78.58499098,68.44662298
-84.4,-7.754638355,21.24434324,78.77879025,68.81555467
-84.2,-7.667737463,21.19773615,78.97023337,69.18275154
-84,-7.580334094,21.15121177,79.15931842,69.54817848
-83.8,-7.492384874,21.10476967,79.34604376,69.91180083
-83.6,-7.403844988,21.05840944,79.53040806,70.27358447
-83.4,-7.314668131,21.01213068,79.71241029,70.63349576
-83.2,-7.224806459,20.96593296,79.89204971,70.99150155
-83,-7.134210542,20.91981589,80.06932584,71.34756925
-82.8,-7.042829313,20.87377905,80.24423853,71.70166674
-82.6,-6.950610015,20.82782205,80.41678788,72.05376248
-82.4,-6.857498151,20.78194448,80.58697428,72.40382542
-82.2,-6.76343743,20.73614595,80.7547984,72.75182509
-82,-6.668369711,20.69042605,80.92026116,73.09773154
-81.8,-6.572234953,20.64478441,81.08336379,73.44151537
-81.6,-6.474971154,20.59922062,81.24410776,73.78314776
-81.4,-6.376514299,20.5537343,81.4024948,74.12260044
-81.2,-6.276798301,20.50832506,81.55852692,74.45984569
-81,-6.175754945,20.46299252,81.71220638,74.79485639
-80.8,-6.07331383,20.41773629,81.86353572,75.12760597
-80.6,-5.96940231,20.37255599,82.01251768,75.45806845
-80.4,-5.863945439,20.32745125,82.1591553,75.78621842
-80.2,-5.756865907,20.2824217,82.30345186,76.11203106
-80,-5.64808399,20.23746695,82.44541087,76.43548214
-79.8,-5.537517486,20.19258663,82.5850361,76.75654801
-79.6,-5.425081659,20.14778039,82.72233155,77.07520561
-79.4,-5.31068918,20.10304784,82.85730148,77.39143248
-79.2,-5.194250082,20.05838864,82.98995037,77.70520674
-79,-5.075671684,20.0138024,83.12028291,78.01650713
-78.8,-4.954858559,19.96928877,83.24830408,78.32531296
-78.6,-4.831712465,19.9248474,83.37401905,78.63160414
-78.4,-4.706132302,19.88047793,83.49743323,78.9353612
-78.2,-4.578014061,19.83617999,83.61855225,79.23656523
-78,-4.447250775,19.79195325,83.73738196,79.53519794
-77.8,-4.313732475,19.74779734,83.85392846,79.83124164
-77.6,-4.177346147,19.70371192,83.96819803,80.12467922
-77.4,-4.037975699,19.65969665,84.0801972,80.41549417
-77.2,-3.895501908,19.61575117,84.18993269,80.7036706
-77,-3.749802413,19.57187515,84.29741144,80.98919316
-76.8,-3.600751663,19.52806824,84.40264063,81.27204713
-76.6,-3.448220901,19.48433011,84.50562762,81.55221838
-76.4,-3.292078154,19.44066041,84.60637996,81.82969334
-76.2,-3.132188201,19.39705882,84.70490547,82.10445905
-76,-2.968412578,19.35352499,84.80121209,82.37650312
-75.8,-2.800609571,19.3100586,84.89530804,82.64581374
-75.6,-2.628634211,19.26665932,84.98720169,82.9123797
-75.4,-2.452338299,19.22332682,85.07690161,83.17619032
-75.2,-2.271570408,19.18006077,85.16441661,83.43723552
-75,-2.086175919,19.13686084,85.24975563,83.6955058
-74.8,-1.895997044,19.09372673,85.33292786,83.95099219
-74.6,-1.700872876,19.0506581,85.41394263,84.2036863
-74.4,-1.500639432,19.00765463,85.49280951,84.4535803
-74.2,-1.295129715,18.96471601,85.56953822,84.7006669
-74,-1.084173785,18.92184193,85.64413865,84.94493936
-73.8,-0.867598835,18.87903206,85.71662093,85.18639149
-73.6,-0.645229284,18.8362861,85.7869953,85.42501764
-73.4,-0.416886876,18.79360374,85.85527224,85.66081269
-73.2,-0.182390795,18.75098467,85.92146236,85.89377204
-73,0.058442209,18.70842857,85.98557647,86.12389165
-72.8,0.30579769,18.66593515,86.04762554,86.35116795
-72.6,0.559863342,18.6235041,86.10762071,86.57559793
-72.4,0.820828852,18.58113511,86.16557328,86.79717906
-72.2,1.08888571,18.5388279,86.22149475,87.01590933
-72,1.364227028,18.49658215,86.27539671,87.23178723
-71.8,1.647047329,18.45439758,86.32729102,87.44481172
-71.6,1.937542333,18.41227388,86.37718956,87.65498228
-71.4,2.235908724,18.37021076,86.42510448,87.86229886
-71.2,2.542343896,18.32820793,86.47104804,88.06676187
-71,2.857045701,18.2862651,86.51503263,88.26837222
-70.8,3.180212166,18.24438197,86.55707082,88.46713126
-70.6,3.512041203,18.20255827,86.5971753,88.66304082
-70.4,3.852730303,18.16079369,86.63535892,88.85610316
-70.2,4.202476218,18.11908797,86.67163466,89.046321
-70,4.561474624,18.07744081,86.70601565,89.2336975
-69.8,4.929919772,18.03585193,86.73851512,89.41823626
-69.6,5.308004129,17.99432106,86.76914648,89.5999413
-69.4,5.695918,17.95284791,86.79792321,89.77881707
-69.2,6.093849143,17.9114322,86.82485898,89.95486841
-69,6.501982366,17.87007366,86.84996752,90.12810062
-68.8,6.920499112,17.82877202,86.87326272,90.29851935
-68.6,7.349577047,17.78752699,86.89475858,90.46613068
-68.4,7.789389616,17.74633832,86.91446918,90.63094107
-68.2,8.240105606,17.70520573,86.93240876,90.79295736
-68,8.701888696,17.66412894,86.94859164,90.95218679
-67.8,9.174896998,17.6231077,86.96303222,91.10863694
-67.6,9.659282592,17.58214173,86.97574507,91.26231578
-67.4,10.15519106,17.54123078,86.98674477,91.41323163
-67.2,10.66276101,17.50037457,86.99604605,91.56139315
-67,11.18212362,17.45957284,87.00366372,91.70680938
-66.8,11.7134021,17.41882534,87.00961268,91.84948966
-66.6,12.25671131,17.37813181,87.01390789,91.98944369
-66.4,12.81215722,17.33749198,87.01656439,92.12668149
-66.2,13.37983643,17.2969056,87.01759736,92.2612134
-66,13.95983577,17.25637241,87.01702196,92.39305007
-65.8,14.55223177,17.21589217,87.01485349,92.52220247
-65.6,15.15709025,17.17546461,87.01110728,92.64868186
-65.4,15.77446588,17.13508949,87.00579873,92.77249981
-65.2,16.40440172,17.09476655,86.99894332,92.89366815
-65,17.04692883,17.05449554,86.99055654,93.01219903
-64.8,17.70206587,17.01427623,86.98065401,93.12810486
-64.6,18.36981869,16.97410835,86.96925128,93.24139832
-64.4,19.05018,16.93399167,86.95636407,93.35209236
-64.2,19.74312899,16.89392594,86.94200807,93.46020017
-64,20.44863105,16.85391092,86.92619901,93.56573523
-63.8,21.16663741,16.81394637,86.90895269,93.66871123
-63.6,21.89708494,16.77403204,86.8902849,93.76914213
-63.4,22.63989582,16.7341677,86.87021149,93.86704209
-63.2,23.39497738,16.69435311,86.84874832,93.96242554
-63,24.1622219,16.65458803,86.82591127,94.05530711
-62.8,24.94150643,16.61487223,86.80171623,94.14570163
-62.6,25.73269267,16.57520547,86.77617913,94.23362418
-62.4,26.53562689,16.53558751,86.74931589,94.31909002
-62.2,27.35013985,16.49601814,86.72114244,94.40211462
-62,28.17604678,16.4564971,86.69167471,94.48271364
-61.8,29.01314739,16.41702418,86.66092864,94.56090293
-61.6,29.86122594,16.37759915,86.62892017,94.63669851
-61.4,30.72005125,16.33822178,86.59566521,94.7101166
-61.2,31.58937692,16.29889183,86.5611797,94.78117358
-61,32.4689414,16.25960909,86.52547953,94.84988599
-60.8,33.35846823,16.22037334,86.4885806,94.91627054
-60.6,34.25766627,16.18118434,86.45049877,94.9803441
-60.4,35.16622994,16.14204188,86.41124991,95.04212367
-60.2,36.08383956,16.10294573,86.37084983,95.10162641
-60,37.01016165,16.06389568,86.32931433,95.15886962
-59.8,37.94484934,16.02489151,86.28665919,95.21387073
-59.6,38.88754278,15.98593299,86.24290013,95.2666473
-59.4,39.83786954,15.94701991,86.19805286,95.317217
-59.2,40.79544515,15.90815206,86.15213304,95.36559764
-59,41.75987355,15.86932922,86.10515629,95.41180713
-58.8,42.73074765,15.83055117,86.05713818,95.45586349
-58.6,43.70764992,15.79181772,86.00809424,95.49778485
-58.4,44.69015293,15.75312863,85.95803994,95.53758943
-58.2,45.67781998,15.7144837,85.90699072,95.57529555
-58,46.6702058,15.67588273,85.85496195,95.61092161
-57.8,47.66685709,15.6373255,85.80196895,95.6444861
-57.6,48.66731334,15.5988118,85.74802697,95.67600758
-57.4,49.67110739,15.56034144,85.69315119,95.70550471
-57.2,50.67776624,15.52191419,85.63735678,95.73299618
-57,51.68681173,15.48352987,85.58065878,95.75850077
-56.8,52.69776127,15.44518826,85.52307219,95.78203732
-56.6,53.71012861,15.40688916,85.46461195,95.80362472
-56.4,54.72342454,15.36863238,85.4052929,95.8232819
-56.2,55.73715768,15.3304177,85.34512984,95.84102787
-56,56.75083523,15.29224494,85.28413747,95.85688164
-55.8,57.76396369,15.25411388,85.22233042,95.87086229
-55.6,58.77604964,15.21602434,85.15972325,95.88298891
-55.4,59.78660044,15.17797611,85.09633041,95.89328064
-55.2,60.795125,15.139969,85.03216631,95.90175662
-55,61.80113451,15.10200281,84.96724523,95.90843605
-54.8,62.8041431,15.06407736,84.9015814,95.9133381
-54.6,63.80366857,15.02619244,84.83518895,95.91648198
-54.4,64.79923309,14.98834787,84.76808192,95.91788691
-54.2,65.79036381,14.95054344,84.70027425,95.91757211
-54,66.77659354,14.91277898,84.63177982,95.91555678
-53.8,67.75746135,14.87505429,84.56261237,95.91186015
-53.6,68.7325132,14.83736919,84.4927856,95.90650142
-53.4,69.70130248,14.79972347,84.42231306,95.89949979
-53.2,70.66339054,14.76211697,84.35120825,95.89087445
-53,71.6183473,14.72454949,84.27948455,95.88064455
-52.8,72.56575162,14.68702084,84.20715524,95.86882924
-52.6,73.50519186,14.64953084,84.13423351,95.85544763
-52.4,74.43626629,14.61207931,84.06073244,95.84051881
-52.2,75.35858346,14.57466607,83.98666503,95.82406184
-52,76.27176263,14.53729092,83.91204414,95.80609574
-51.8,77.17543405,14.4999537,83.83688257,95.78663948
-51.6,78.06923934,14.46265422,83.76119298,95.76571201
-51.4,78.95283171,14.4253923,83.68498795,95.74333221
-51.2,79.82587626,14.38816776,83.60827996,95.71951894
-51,80.68805017,14.35098043,83.53108136,95.69429098
-50.8,81.53904289,14.31383012,83.4534044,95.66766707
-50.6,82.37855631,14.27671666,83.37526124,95.6396659
-50.4,83.20630488,14.23963988,83.29666392,95.61030608
-50.2,84.02201571,14.2025996,83.21762438,95.57960616
-50,84.82542865,14.16559564,83.13815445,95.54758464
-49.8,85.61629634,14.12862784,83.05826584,95.51425993
-49.6,86.39438421,14.09169602,82.97797017,95.4796504
-49.4,87.15947049,14.05480001,82.89727895,95.4437743
-49.2,87.91134618,14.01793963,82.81620356,95.40664984
-49,88.649815,13.98111473,82.7347553,95.36829514
-48.8,89.37469331,13.94432512,82.65294533,95.32872823
-48.6,90.08581003,13.90757065,82.57078474,95.28796707
-48.4,90.78300651,13.87085113,82.48828447,95.24602951
-48.2,91.46613644,13.83416642,82.40545538,95.20293335
-48,92.13506568,13.79751633,82.32230821,95.15869626
-47.8,92.78967209,13.76090071,82.23885357,95.11333583
-47.6,93.42984542,13.72431938,82.15510201,95.06686958
-47.4,94.05548705,13.68777219,82.07106392,95.01931489
-47.2,94.6665099,13.65125898,81.98674961,94.97068906
-47,95.26283813,13.61477957,81.90216928,94.92100931
-46.8,95.84440701,13.57833381,81.817333,94.87029272
-46.6,96.41116269,13.54192153,81.73225074,94.81855629
-46.4,96.96306199,13.50554258,81.64693239,94.7658169
-46.2,97.50007216,13.4691968,81.5613877,94.71209134
-46,98.02217069,13.43288402,81.4756263,94.65739627
-45.8,98.52934509,13.39660409,81.38965776,94.60174825
-45.6,99.02159265,13.36035686,81.30349149,94.54516372
-45.4,99.49892023,13.32414216,81.21713683,94.48765902
-45.2,99.96134404,13.28795983,81.130603,94.42925035
-45,100.4088894,13.25180973,81.04389911,94.36995382
-44.8,100.8415906,13.21569169,80.95703417,94.3097854
-44.6,101.2594906,13.17960557,80.87001707,94.24876096
-44.4,101.6626409,13.14355121,80.78285662,94.18689623
-44.2,102.0511011,13.10752845,80.6955615,94.12420684
-44,102.424939,13.07153715,80.60814029,94.06070826
-43.8,102.7842304,13.03557715,80.52060149,93.99641588
-43.6,103.1290586,12.9996483,80.43295346,93.93134494
-43.4,103.4595142,12.96375046,80.34520448,93.86551056
-43.2,103.7756954,12.92788347,80.25736272,93.79892773
-43,104.0777074,12.89204718,80.16943625,93.73161132
-42.8,104.3656619,12.85624145,80.08143304,93.66357605
-42.6,104.6396778,12.82046612,79.99336095,93.59483654
-42.4,104.8998801,12.78472106,79.90522775,93.52540728
-42.2,105.1464001,12.74900611,79.8170411,93.45530259
-42,105.3793755,12.71332113,79.72880856,93.3845367
-41.8,105.5989493,12.67766597,79.6405376,93.31312369
-41.6,105.8052708,12.64204049,79.55223559,93.24107752
-41.4,105.9984944,12.60644455,79.4639098,93.168412
-41.2,106.1787797,12.570878,79.3755674,93.09514081
-41,106.3462917,12.5353407,79.28721546,93.02127752
-40.8,106.5012,12.49983251,79.19886096,92.94683554
-40.6,106.6436789,12.46435328,79.11051079,92.87182814
-40.4,106.7739071,12.42890288,79.02217173,92.79626849
-40.2,106.8920675,12.39348116,78.93385048,92.7201696
-40,106.9983471,12.35808799,78.84555364,92.64354435
-39.8,107.0929365,12.32272323,78.75728771,92.56640547
-39.6,107.1760299,12.28738673,78.66905911,92.48876559
-39.4,107.247825,12.25207837,78.58087416,92.41063717
-39.2,107.3085221,12.216798,78.4927391,92.33203256
-39,107.358325,12.18154548,78.40466007,92.25296395
-38.8,107.3974395,12.14632069,78.31664311,92.17344341
-38.6,107.4260741,12.11112348,78.22869419,92.09348289
-38.4,107.4444395,12.07595372,78.14081919,92.01309416
-38.2,107.4527481,12.04081128,78.05302388,91.9322889
-38,107.4512141,12.00569602,77.96531398,91.85107863
-37.8,107.4400532,11.97060781,77.87769508,91.76947474
-37.6,107.4194822,11.93554652,77.79017273,91.68748849
-37.4,107.3897189,11.90051201,77.70275235,91.605131
-37.2,107.3509819,11.86550415,77.61543931,91.52241325
-37,107.3034904,11.83052282,77.52823888,91.4393461
-36.8,107.2474638,11.79556787,77.44115624,91.35594028
-36.6,107.1831217,11.76063919,77.35419651,91.27220635
-36.4,107.1106835,11.72573665,77.26736472,91.18815477
-36.2,107.0303683,11.6908601,77.1806658,91.10379587
-36,106.9423948,11.65600943,77.09410462,91.01913983
-35.8,106.846981,11.62118451,77.00768597,90.9341967
-35.6,106.7443437,11.58638521,76.92141454,90.84897641
-35.4,106.634699,11.5516114,76.83529498,90.76348873
-35.2,106.5182616,11.51686296,76.74933181,90.67774335
-35,106.3952447,11.48213977,76.66352953,90.59174977
-34.8,106.2658601,11.44744169,76.57789251,90.50551741
-34.6,106.1303176,11.4127686,76.49242508,90.41905552
-34.4,105.9888255,11.37812039,76.40713149,90.33237326
-34.2,105.8415897,11.34349691,76.3220159,90.24547962
-34,105.6888142,11.30889806,76.23708241,90.1583835
-33.8,105.5307006,11.27432371,76.15233504,90.07109365
-33.6,105.3674483,11.23977374,76.06777775,89.9836187
-33.4,105.199254,11.20524802,75.9834144,89.89596715
-33.2,105.0263118,11.17074644,75.89924881,89.80814738
-33,104.8488133,11.13626888,75.81528471,89.72016764
-32.8,104.6669472,11.1018152,75.73152576,89.63203605
-32.6,104.4808993,11.06738531,75.64797557,89.54376063
-32.4,104.2908527,11.03297907,75.56463766,89.45534924
-32.2,104.0969873,10.99859637,75.48151549,89.36680965
-32,103.8994801,10.96423709,75.39861246,89.2781495
-31.8,103.6985048,10.92990111,75.31593188,89.18937629
-31.6,103.4942322,10.89558831,75.23347701,89.10049742
-31.4,103.2868298,10.86129859,75.15125106,89.01152016
-31.2,103.0764619,10.82703181,75.06925714,88.92245167
-31,102.8632896,10.79278788,74.98749832,88.83329898
-30.8,102.6474706,10.75856666,74.90597759,88.74406902
-30.6,102.4291597,10.72436806,74.82469791,88.65476857
-30.4,102.2085079,10.69019194,74.74366213,88.56540433
-30.2,101.9856633,10.65603821,74.66287307,88.47598287
-30,101.7607704,10.62190674,74.58233347,88.38651063
-29.8,101.5339708,10.58779742,74.50204604,88.29699396
-29.6,101.3054023,10.55371015,74.42201339,88.20743908
-29.4,101.0751998,10.5196448,74.34223809,88.11785211
-29.2,100.8434948,10.48560128,74.26272266,88.02823904
-29,100.6104156,10.45157945,74.18346954,87.93860578
-28.8,100.3760871,10.41757923,74.10448112,87.84895808
-28.6,100.140631,10.38360049,74.02575974,87.75930163
-28.4,99.90416612,10.34964312,73.94730767,87.66964199
-28.2,99.66680771,10.31570703,73.86912714,87.57998461
-28,99.42866808,10.28179209,73.79122031,87.49033482
-27.8,99.18985638,10.2478982,73.71358928,87.40069788
-27.6,98.95047868,10.21402525,73.63623612,87.31107891
-27.4,98.71063801,10.18017314,73.55916282,87.22148294
-27.2,98.47043439,10.14634176,73.48237132,87.13191489
-27,98.22996485,10.11253099,73.40586353,87.04237958
-26.8,97.98932348,10.07874074,73.32964126,86.95288173
-26.6,97.74860147,10.0449709,73.25370633,86.86342595
-26.4,97.50788715,10.01122136,73.17806044,86.77401675
-26.2,97.26726604,9.977492025,73.1027053,86.68465854
-26,97.02682085,9.943782781,73.02764252,86.59535564
-25.8,96.78663157,9.910093527,72.9528737,86.50611226
-25.6,96.54677549,9.876424159,72.87840036,86.41693251
-25.4,96.30732724,9.842774576,72.80422398,86.32782041
-25.2,96.06835883,9.809144672,72.730346,86.23877987
-25,95.82993971,9.775534346,72.65676779,86.14981474
-24.8,95.59213679,9.741943496,72.58349071,86.06092872
-24.6,95.3550145,9.708372021,72.51051601,85.97212546
-24.4,95.11863483,9.67481982,72.43784496,85.8834085
-24.2,94.88305734,9.64128679,72.36547874,85.79478128
-24,94.64833927,9.607772833,72.2934185,85.70624716
-23.8,94.41453553,9.574277848,72.22166533,85.61780941
-23.6,94.18169873,9.540801735,72.1502203,85.52947119
-23.4,93.94987929,9.507344396,72.07908441,85.44123558
-23.2,93.71912538,9.473905731,72.00825863,85.35310559
-23,93.48948308,9.440485642,71.93774387,85.26508412
-22.8,93.2609963,9.407084032,71.86754101,85.17717398
-22.6,93.03370692,9.373700801,71.79765088,85.0893779
-22.4,92.80765476,9.340335855,71.72807427,85.00169853
-22.2,92.58287765,9.306989094,71.65881193,84.91413842
-22,92.35941148,9.273660423,71.58986457,84.82670005
-21.8,92.13729018,9.240349746,71.52123282,84.73938581
-21.6,91.91654583,9.207056967,71.45291734,84.65219799
-21.4,91.69720866,9.173781991,71.38491868,84.56513883
-21.2,91.47930708,9.140524722,71.31723738,84.47821046
-21,91.26286771,9.107285067,71.24987394,84.39141495
-20.8,91.04791545,9.07406293,71.18282883,84.30475426
-20.6,90.83447348,9.040858219,71.11610244,84.2182303
-20.4,90.6225633,9.007670839,71.04969516,84.13184488
-20.2,90.41220477,8.974500697,70.98360733,84.04559975
-20,90.20341613,8.941347702,70.91783924,83.95949657
-19.8,89.99621405,8.908211759,70.85239115,83.87353692
-19.6,89.79061363,8.875092778,70.78726328,83.78772231
-19.4,89.58662846,8.841990667,70.72245583,83.70205417
-19.2,89.38427062,8.808905333,70.65796892,83.61653385
-19,89.18355076,8.775836687,70.59380267,83.53116265
-18.8,88.98447804,8.742784638,70.52995716,83.44594176
-18.6,88.78706023,8.709749096,70.46643241,83.36087233
-18.4,88.59130374,8.676729969,70.40322842,83.27595541
-18.2,88.39721357,8.64372717,70.34034515,83.19119199
-18,88.20479342,8.610740609,70.27778253,83.106583
-17.8,88.01404567,8.577770197,70.21554046,83.02212927
-17.6,87.82497139,8.544815845,70.15361877,82.9378316
-17.4,87.6375704,8.511877466,70.0920173,82.85369067
-17.2,87.45184129,8.478954971,70.03073583,82.76970714
-17,87.26778141,8.446048274,69.96977411,82.68588158
-16.8,87.08538691,8.413157286,69.90913186,82.60221448
-16.6,86.90465276,8.380281922,69.84880876,82.51870629
-16.4,86.72557277,8.347422094,69.78880445,82.43535737
-16.2,86.54813963,8.314577717,69.72911855,82.35216802
-16,86.37234486,8.281748705,69.66975066,82.26913849
-15.8,86.19817892,8.248934972,69.6107003,82.18626895
-15.6,86.02563118,8.216136433,69.55196701,82.1035595
-15.4,85.85468991,8.183353003,69.49355027,82.0210102
-15.2,85.68534237,8.150584599,69.43544952,81.93862103
-15,85.51757475,8.117831136,69.37766419,81.8563919
-14.8,85.35137225,8.085092529,69.32019367,81.77432268
-14.6,85.18671904,8.052368696,69.26303731,81.69241316
-14.4,85.02359834,8.019659553,69.20619444,81.61066308
-14.2,84.86199236,7.986965018,69.14966436,81.52907212
-14,84.70188236,7.954285008,69.09344632,81.44763989
-13.8,84.54324869,7.92161944,69.03753957,81.36636596
-13.6,84.38607072,7.888968234,68.9819433,81.28524982
-13.4,84.23032695,7.856331306,68.92665669,81.20429091
-13.2,84.07599494,7.823708577,68.87167888,81.12348863
-13,83.92305138,7.791099964,68.81700898,81.04284229
-12.8,83.77147209,7.758505389,68.76264609,80.96235117
-12.6,83.62123201,7.725924769,68.70858924,80.88201449
-12.4,83.47230524,7.693358025,68.65483746,80.8018314
-12.2,83.32466503,7.660805078,68.60138976,80.72180101
-12,83.17828381,7.628265847,68.5482451,80.64192238
-11.8,83.03313319,7.595740255,68.49540242,80.56219449
-11.6,82.88918398,7.563228221,68.44286062,80.48261631
-11.4,82.74640619,7.530729667,68.39061859,80.40318671
-11.2,82.60476906,7.498244517,68.33867519,80.32390454
-11,82.46424105,7.46577269,68.28702923,80.24476858
-10.8,82.32478987,7.43331411,68.23567953,80.16577758
-10.6,82.18638246,7.400868701,68.18462484,80.08693023
-10.4,82.04898505,7.368436382,68.13386391,80.00822514
-10.2,81.91256313,7.336017081,68.08339546,79.92966093
-10,81.77708148,7.303610718,68.03321817,79.85123611
-9.8,81.64250417,7.271217219,67.98333071,79.77294919
-9.6,81.50879457,7.238836507,67.93373171,79.6947986
-9.4,81.3759154,7.206468506,67.88441979,79.61678274
-9.2,81.24382867,7.174113143,67.83539351,79.53889994
-9,81.11249575,7.14177034,67.78665145,79.46114852
-8.8,80.98187737,7.109440025,67.73819213,79.38352673
-8.6,80.85193358,7.077122122,67.69001405,79.30603276
-8.4,80.72262386,7.044816557,67.64211569,79.22866479
-8.2,80.59390704,7.012523258,67.5944955,79.15142094
-8,80.46574136,6.980242148,67.54715191,79.07429926
-7.8,80.33808445,6.947973157,67.50008333,78.9972978
-7.6,80.21089338,6.91571621,67.45328812,78.92041454
-7.4,80.08412466,6.883471235,67.40676463,78.84364742
-7.2,79.95773421,6.851238159,67.3605112,78.76699434
-7,79.83167745,6.819016911,67.31452612,78.69045316
-6.8,79.70590924,6.786807418,67.26880768,78.6140217
-6.6,79.58038393,6.754609609,67.22335411,78.53769772
-6.4,79.45505537,6.722423412,67.17816365,78.46147898
-6.2,79.32987692,6.690248756,67.1332345,78.38536315
-6,79.20480147,6.658085571,67.08856484,78.3093479
-5.8,79.07978143,6.625933786,67.04415283,78.23343083
-5.6,78.95476878,6.59379333,66.99999658,78.15760954
-5.4,78.82971505,6.561664134,66.95609421,78.08188154
-5.2,78.70457137,6.529546128,66.91244381,78.00624435
-5,78.57928846,6.497439241,66.86904343,77.93069543
-4.8,78.45381665,6.465343407,66.8258911,77.85523219
-4.6,78.32810589,6.433258554,66.78298483,77.77985204
-4.4,78.20210579,6.401184615,66.74032263,77.70455231
-4.2,78.07576563,6.369121521,66.69790244,77.62933034
-4,77.94903434,6.337069203,66.65572221,77.55418339
-3.8,77.82186056,6.305027595,66.61377987,77.47910872
-3.6,77.69419267,6.272996627,66.57207331,77.40410354
-3.4,77.56597874,6.240976234,66.53060039,77.32916502
-3.2,77.43716661,6.208966347,66.48935898,77.25429031
-3,77.3077039,6.176966899,66.4483469,77.17947652
-2.8,77.17753802,6.144977825,66.40756196,77.10472073
-2.6,77.04661616,6.112999057,66.36700193,77.03001999
-2.4,76.91488538,6.08103053,66.32666459,76.9553713
-2.2,76.78229257,6.049072177,66.28654767,76.88077166
-2,76.64878449,6.017123933,66.24664888,76.80621801
-1.8,76.51430781,5.985185733,66.20696593,76.73170727
-1.6,76.37880909,5.953257511,66.16749648,76.65723634
-1.4,76.24223486,5.921339202,66.12823819,76.58280208
-1.2,76.10453158,5.889430742,66.08918869,76.50840132
-1,75.96564573,5.857532066,66.05034559,76.43403086
-0.8,75.82552377,5.82564311,66.01170646,76.35968749
-0.6,75.6841122,5.79376381,65.97326889,76.28536794
-0.4,75.54135757,5.761894102,65.93503041,76.21106893
-0.2,75.39720654,5.730033924,65.89698855,76.13678717
-9.00968E-12,75.25160586,5.69818321,65.85914081,76.06251932
0.2,75.10450239,5.6663419,65.82148466,75.98826201
0.4,74.95584319,5.634509929,65.78401758,75.91401186
0.6,74.80557549,5.602687236,65.74673701,75.83976547
0.8,74.65364672,5.570873757,65.70964035,75.76551939
1,74.50000457,5.539069432,65.67272501,75.69127017
1.2,74.34459698,5.507274197,65.63598837,75.61701432
1.4,74.1873722,5.475487992,65.59942779,75.54274834
1.6,74.0282788,5.443710755,65.5630406,75.46846869
1.8,73.86726569,5.411942425,65.52682412,75.39417183
2,73.70428218,5.380182941,65.49077566,75.31985418
2.2,73.53927798,5.348432242,65.45489248,75.24551214
2.4,73.37220323,5.316690268,65.41917185,75.1711421
2.6,73.20300855,5.284956959,65.383611,75.09674042
2.8,73.03164505,5.253232254,65.34820716,75.02230344
3,72.85806439,5.221516094,65.31295752,74.94782747
3.2,72.68221874,5.189808419,65.27785926,74.87330884
3.4,72.5040609,5.15810917,65.24290954,74.79874381
3.6,72.32354426,5.126418288,65.20810551,74.72412865
3.8,72.14062288,5.094735714,65.17344429,74.64945961
4,71.95525147,5.063061388,65.13892298,74.57473292
4.2,71.76738547,5.031395254,65.10453866,74.4999448
4.4,71.57698104,4.999737251,65.0702884,74.42509143
4.6,71.3839951,4.968087323,65.03616925,74.350169
4.8,71.18838538,4.936445412,65.00217824,74.27517368
5,70.99011044,4.904811459,64.96831238,74.20010161
5.2,70.78912967,4.873185408,64.93456865,74.12494892
5.4,70.58540336,4.841567201,64.90094403,74.04971174
5.6,70.3788927,4.809956781,64.86743549,73.97438617
5.8,70.16955984,4.778354092,64.83403994,73.89896832
6,69.95736787,4.746759077,64.80075433,73.82345424
6.2,69.74228089,4.715171679,64.76757554,73.74784003
6.4,69.52426402,4.683591843,64.73450046,73.67212173
6.6,69.30328342,4.652019512,64.70152596,73.59629538
6.8,69.07930635,4.620454632,64.66864888,73.52035703
7,68.85230113,4.588897145,64.63586607,73.44430269
7.2,68.62223725,4.557346997,64.60317433,73.36812838
7.4,68.3890853,4.525804134,64.57057046,73.29183011
7.6,68.1528171,4.494268499,64.53805125,73.21540387
7.8,67.91340561,4.462740038,64.50561346,73.13884565
8,67.67082504,4.431218697,64.47325383,73.06215143
8.2,67.42505084,4.399704421,64.4409691,72.98531718
8.4,67.17605971,4.368197157,64.40875598,72.90833887
8.6,66.92382962,4.336696849,64.37661117,72.83121246
8.8,66.66833987,4.305203445,64.34453135,72.75393389
9,66.40957105,4.273716891,64.3125132,72.67649913
9.2,66.1475051,4.242237134,64.28055335,72.59890411
9.4,65.88212528,4.21076412,64.24864845,72.52114477
9.6,65.61341626,4.179297797,64.21679511,72.44321706
9.8,65.34136407,4.147838111,64.18498994,72.36511689
10,65.06595611,4.116385011,64.15322953,72.2868402
10.2,64.78718123,4.084938443,64.12151045,72.20838293
10.4,64.50502966,4.053498357,64.08982925,72.12974099
10.6,64.21949307,4.022064698,64.05818249,72.0509103
10.8,63.93056457,3.990637416,64.0265667,71.97188681
11,63.6382387,3.95921646,63.99497838,71.89266642
11.2,63.34251148,3.927801777,63.96341403,71.81324506
11.4,63.04338037,3.896393316,63.93187015,71.73361866
11.6,62.74084428,3.864991027,63.9003432,71.65378315
11.8,62.4349036,3.833594858,63.86882965,71.57373446
12,62.12556021,3.802204758,63.83732593,71.49346852
12.2,61.81281743,3.770820678,63.80582849,71.41298126
12.4,61.49668007,3.739442566,63.77433372,71.33226862
12.6,61.17715441,3.708070372,63.74283805,71.25132655
12.8,60.85424822,3.676704047,63.71133786,71.170151
13,60.52797073,3.645343541,63.67982953,71.08873792
13.2,60.19833263,3.613988803,63.64830942,71.00708326
13.4,59.86534611,3.582639785,63.61677389,70.925183
13.6,59.52902479,3.551296436,63.58521928,70.84303312
13.8,59.18938378,3.519958708,63.55364192,70.76062958
14,58.84643962,3.488626552,63.52203812,70.67796838
14.2,58.50021033,3.457299919,63.49040419,70.59504552
14.4,58.15071537,3.42597876,63.45873642,70.511857
14.6,57.79797561,3.394663027,63.4270311,70.42839885
14.8,57.4420134,3.363352671,63.39528449,70.34466709
15,57.08285247,3.332047644,63.36349286,70.26065775
15.2,56.72051802,3.300747898,63.33165246,70.1763669
15.4,56.35503664,3.269453385,63.29975951,70.09179059
15.6,55.98643631,3.238164058,63.26781026,70.0069249
15.8,55.61474645,3.206879868,63.23580092,69.92176591
16,55.23999785,3.175600769,63.20372769,69.83630973
16.2,54.86222271,3.144326712,63.17158678,69.75055248
16.4,54.4814546,3.113057652,63.13937438,69.66449029
16.6,54.0977285,3.08179354,63.10708666,69.5781193
16.8,53.71108073,3.050534331,63.07471979,69.49143569
17,53.32154903,3.019279976,63.04226994,69.40443563
17.2,52.92917249,2.98803043,63.00973326,69.31711531
17.4,52.53399159,2.956785647,62.97710589,69.22947097
17.6,52.13604821,2.925545579,62.94438398,69.14149882
17.8,51.73538559,2.894310181,62.91156364,69.05319513
18,51.33204837,2.863079406,62.878641,68.96455616
18.2,50.92608261,2.831853209,62.84561218,68.87557822
18.4,50.51753578,2.800631544,62.81247327,68.78625762
18.6,50.10645679,2.769414365,62.77922039,68.69659069
18.8,49.69289598,2.738201626,62.74584962,68.6065738
19,49.27690519,2.706993282,62.71235704,68.51620331
19.2,48.85853775,2.675789287,62.67873875,68.42547565
19.4,48.43784854,2.644589597,62.6449908,68.33438723
19.6,48.014894,2.613394166,62.61110928,68.24293451
19.8,47.58973221,2.582202948,62.57709024,68.15111396
20,47.16242289,2.5510159,62.54292975,68.0589221
20.2,46.73302751,2.519832975,62.50862385,67.96635544
20.4,46.30160933,2.488654129,62.47416859,67.87341055
20.6,45.86823349,2.457479318,62.43956003,67.780084
20.8,45.43296707,2.426308496,62.40479419,67.68637242
21,44.99587923,2.395141618,62.36986712,67.59227243
21.2,44.55704127,2.36397864,62.33477486,67.49778072
21.4,44.11652679,2.332819518,62.29951342,67.40289397
21.6,43.67441184,2.301664207,62.26407883,67.30760891
21.8,43.23077503,2.270512662,62.22846713,67.21192232
22,42.78569776,2.239364838,62.19267434,67.11583097
22.2,42.3392644,2.208220692,62.15669647,67.01933169
22.4,41.8915625,2.177080178,62.12052954,66.92242133
22.6,41.44268306,2.145943252,62.08416957,66.82509679
22.8,40.99272083,2.114809869,62.04761259,66.72735499
23,40.54177462,2.083679985,62.01085459,66.62919288
23.2,40.08994764,2.052553554,61.97389161,66.53060746
23.4,39.63734796,2.021430532,61.93671965,66.43159576
23.6,39.18408892,1.990310874,61.89933474,66.33215483
23.8,38.73028968,1.959194535,61.86173288,66.23228177
24,38.27607585,1.928081469,61.82391009,66.13197373
24.2,37.82158008,1.896971631,61.7858624,66.03122788
24.4,37.36694289,1.865864975,61.74758582,65.93004143
24.6,36.91231354,1.834761455,61.70907637,65.82841164
24.8,36.45785097,1.803661026,61.67033009,65.72633579
25,36.00372501,1.77256364,61.63134299,65.62381121
25.2,35.55011763,1.741469251,61.59211111,65.52083529
25.4,35.09722444,1.710377811,61.55263047,65.41740542
25.6,34.64525645,1.679289274,61.51289712,65.31351907
25.8,34.19444205,1.64820359,61.4729071,65.20917374
26,33.7450293,1.61712071,61.43265645,65.10436695
26.2,33.29728865,1.586040586,61.39214122,64.99909629
26.4,32.85151607,1.554963167,61.35135747,64.8933594
26.6,32.40803676,1.523888403,61.31030125,64.78715393
26.8,31.96720945,1.49281624,61.26896864,64.68047761
27,31.52943153,1.461746627,61.22735571,64.5733282
27.2,31.09514515,1.43067951,61.18545853,64.4657035
27.4,30.66484449,1.399614833,61.14327319,64.35760136
27.6,30.23908443,1.368552539,61.10079578,64.24901969
27.8,29.81849104,1.337492571,61.05802242,64.13995644
28,29.40377433,1.306434867,61.01494919,64.03040959
28.2,28.99574375,1.275379366,60.97157223,63.92037719
28.4,28.59532726,1.244326003,60.92788766,63.80985734
28.6,28.20359486,1.213274712,60.88389162,63.69884817
28.8,27.82178802,1.18222542,60.83958025,63.58734789
29,27.45135655,1.151178056,60.7949497,63.47535472
29.2,27.09400534,1.120132541,60.74999615,63.36286697
29.4,26.75175417,1.089088794,60.70471578,63.24988299
29.6,26.42701506,1.058046727,60.65910476,63.13640115
29.8,26.12269314,1.027006247,60.6131593,63.02241993
30,25.84232027,0.995967254,60.56687561,62.90793782
30.2,25.5902339,0.964929641,60.52024992,62.79295337
30.4,25.3718202,0.93389329,60.47327847,62.67746519
30.6,25.19384977,0.902858073,60.4259575,62.56147196
30.8,25.06494939,0.87182385,60.37828329,62.44497238
31,24.99627786,0.840790465,60.3302521,62.32796524
31.2,25.00251551,0.809757744,60.28186024,62.21044935
31.4,25.10334899,0.778725493,60.23310401,62.09242361
31.6,25.32576148,0.74769349,60.18397974,61.97388696
31.8,25.70767923,0.716661484,60.13448377,61.8548384
32,26.30399295,0.685629186,60.08461245,61.73527698
32.2,27.19693294,0.654596258,60.03436216,61.61520182
32.4,28.51486487,0.623562306,59.98372929,61.4946121
32.6,29.07382858,0.592526864,59.93271025,61.37350704
32.8,26.33015362,0.561489372,59.88130146,61.25188594
33,23.54974829,0.530449154,59.82949936,61.12974814
33.2,20.73214984,0.49940538,59.77730043,61.00709307
33.4,17.87689166,0.468357021,59.72470114,60.88392018
33.6,14.9835033,0.437302776,59.67169799,60.76022901
33.8,12.05151038,0.406240983,59.61828751,60.63601916
34,9.080434645,0.375169467,59.56446625,60.51129028
34.2,6.069793918,0.344085334,59.51023076,60.38604208
34.4,3.019102088,0.312984637,59.45557764,60.26027436
34.6,-0.000939051,0.281861842,59.40050349,60.13398694
34.8,-0.041596544,0.250708937,59.34500494,60.00717974
35,-0.082696465,0.219513875,59.28907865,59.87985273
35.2,-0.127781376,0.188257668,59.23272128,59.75200594
35.4,-0.188471356,0.156908609,59.17592955,59.62363947
35.6,-0.277346052,0.125409705,59.11870018,59.49475349
35.8,-0.401571676,0.093648417,59.06102991,59.36534822
36,-0.563107043,0.0613763,59.00291552,59.23542395
36.2,-0.760750521,0.028057127,58.94435382,59.10498105
36.4,-0.991784503,0.001618837,58.88534161,58.97401995
36.6,-1.252953894,0.00910436,58.82587577,58.84254114
36.8,-1.540976015,-0.046253774,58.76595316,58.71054518
37,-1.852778676,-0.081908197,58.70557069,58.5780327
37.2,-2.185593162,-0.114801369,58.64472529,58.4450044
37.4,-2.536974076,-0.146809686,58.58341393,58.31146105
37.6,-2.904784713,-0.178426366,58.5216336,58.17740347
37.8,-3.287168087,-0.20983591,58.45938132,58.04283257
38,-3.682513726,-0.241122657,58.39665412,57.90774933
38.2,-4.089425125,-0.272330556,58.3334491,57.77215478
38.4,-4.506689947,-0.303484741,58.26976336,57.63605005
38.6,-4.933253736,-0.334600624,58.20559404,57.49943632
38.8,-5.368197179,-0.365688179,58.1409383,57.36231484
39,-5.810716661,-0.396754149,58.07579336,57.22468694
39.2,-6.260107755,-0.42780326,58.01015644,57.08655402
39.4,-6.715751228,-0.458838923,57.9440248,56.94791755
39.6,-7.177101219,-0.489863666,57.87739576,56.80877908
39.8,-7.643675211,-0.520879402,57.81026663,56.66914022
40,-8.115045558,-0.551887609,57.74263478,56.52900268
40.2,-8.590832271,-0.582889448,57.67449761,56.3883682
40.4,-9.070696896,-0.613885845,57.60585256,56.24723864
40.6,-9.554337279,-0.644877549,57.53669708,56.10561592
40.8,-10.04148309,-0.675865173,57.46702869,55.96350201
41,-10.53189201,-0.706849226,57.39684492,55.82089899
41.2,-11.02534637,-0.737830133,57.32614335,55.67780901
41.4,-11.52165039,-0.768808256,57.25492157,55.53423428
41.6,-12.02062762,-0.7997839,57.18317725,55.39017711
41.8,-12.52211888,-0.830757332,57.11090807,55.24563986
42,-13.02598034,-0.861728782,57.03811173,55.100625
42.2,-13.53208192,-0.892698451,56.96478601,54.95513506
42.4,-14.04030589,-0.923666516,56.8909287,54.80917266
42.6,-14.55054556,-0.954633136,56.81653763,54.66274048
42.8,-15.06270425,-0.985598452,56.74161067,54.51584131
43,-15.57669428,-1.016562589,56.66614575,54.36847799
43.2,-16.09243611,-1.047525664,56.5901408,54.22065348
43.4,-16.60985763,-1.078487781,56.51359383,54.07237078
43.6,-17.12889342,-1.109449035,56.43650285,53.92363301
43.8,-17.64948421,-1.140409514,56.35886595,53.77444335
44,-18.17157629,-1.171369299,56.28068124,53.62480508
44.2,-18.69512107,-1.202328467,56.20194686,53.47472156
44.4,-19.22007466,-1.233287087,56.12266101,53.32419622
44.6,-19.74639742,-1.264245226,56.04282193,53.17323262
44.8,-20.27405369,-1.295202946,55.9624279,53.02183436
45,-20.80301144,-1.326160305,55.88147723,52.87000515
45.2,-21.33324199,-1.35711736,55.79996829,52.7177488
45.4,-21.86471973,-1.388074161,55.71789949,52.5650692
45.6,-22.39742196,-1.419030761,55.63526926,52.41197032
45.8,-22.9313286,-1.449987208,55.55207609,52.25845624
46,-23.46642205,-1.480943547,55.46831854,52.10453112
46.2,-24.00268698,-1.511899823,55.38399516,51.95019924
46.4,-24.54011023,-1.542856078,55.29910459,51.79546494
46.6,-25.07868057,-1.573812354,55.21364548,51.64033269
46.8,-25.61838866,-1.604768692,55.12761655,51.48480703
47,-26.15922687,-1.635725129,55.04101656,51.32889261
47.2,-26.70118919,-1.666681704,54.95384429,51.1725942
47.4,-27.24427113,-1.697638452,54.8660986,51.01591665
47.6,-27.7884696,-1.728595411,54.77777837,50.85886491
47.8,-28.33378287,-1.759552614,54.68888255,50.70144405
48,-28.88021043,-1.790510096,54.5994101,50.54365924
48.2,-29.42775296,-1.82146789,54.50936005,50.38551575
48.4,-29.97641223,-1.852426029,54.41873148,50.22701899
48.6,-30.52619107,-1.883384544,54.3275235,50.06817444
48.8,-31.07709328,-1.914343468,54.23573528,49.90898772
49,-31.62912358,-1.945302831,54.14336602,49.74946456
49.2,-32.18228757,-1.976262663,54.05041498,49.58961081
49.4,-32.73659169,-2.007222995,53.95688146,49.42943243
49.6,-33.29204313,-2.038183856,53.86276482,49.26893551
49.8,-33.84864983,-2.069145274,53.76806445,49.10812626
50,-34.40642045,-2.100107279,53.67277978,48.94701102
50.2,-34.96536427,-2.131069898,53.57691032,48.78559626
50.4,-35.52549125,-2.16203316,53.48045559,48.62388858
50.6,-36.0868119,-2.192997093,53.38341517,48.46189471
50.8,-36.64933732,-2.223961722,53.28578871,48.29962152
51,-37.21307914,-2.254927076,53.18757588,48.13707601
51.2,-37.7780495,-2.285893181,53.08877639,47.97426536
51.4,-38.34426103,-2.316860063,52.98939003,47.81119684
51.6,-38.91172682,-2.347827748,52.88941661,47.64787792
51.8,-39.48046038,-2.378796263,52.788856,47.4843162
52,-40.05047567,-2.409765632,52.68770812,47.32051943
52.2,-40.62178702,-2.440735881,52.58597292,47.15649555
52.4,-41.19440917,-2.471707036,52.48365041,46.99225263
52.6,-41.76835718,-2.50267912,52.38074065,46.82779894
52.8,-42.34364648,-2.53365216,52.27724374,46.6631429
53,-42.92029283,-2.564626178,52.17315983,46.49829313
53.2,-43.4983123,-2.595601201,52.06848912,46.33325842
53.4,-44.07772125,-2.626577251,51.96323185,46.16804775
53.6,-44.65853632,-2.657554353,51.85738833,46.0026703
53.8,-45.24077445,-2.68853253,51.75095887,45.83713544
54,-45.82445282,-2.719511806,51.64394388,45.67145277
54.2,-46.40958885,-2.750492205,51.53634378,45.50563207
54.4,-46.9962002,-2.78147375,51.42815906,45.33968337
54.6,-47.58430479,-2.812456463,51.31939024,45.17361689
54.8,-48.1739207,-2.843440367,51.21003789,45.00744312
55,-48.76506626,-2.874425487,51.10010264,44.84117277
55.2,-49.35775998,-2.905411843,50.98958515,44.6748168
55.4,-49.95202056,-2.936399459,50.87848613,44.50838643
55.6,-50.54786689,-2.967388357,50.76680635,44.34189315
55.8,-51.145318,-2.998378559,50.65454661,44.17534872
56,-51.74439313,-3.029370087,50.54170776,44.00876518
56.2,-52.34511164,-3.060362963,50.4282907,43.84215487
56.4,-52.94749306,-3.091357209,50.31429637,43.67553045
56.6,-53.55155706,-3.122352847,50.19972576,43.50890486
56.8,-54.15732344,-3.153349898,50.08457991,43.34229142
57,-54.76481214,-3.184348384,49.96885989,43.17570373
57.2,-55.37404323,-3.215348326,49.85256683,43.0091558
57.4,-55.98503689,-3.246349744,49.7357019,42.84266199
57.6,-56.5978134,-3.277352661,49.61826631,42.67623702
57.8,-57.21239319,-3.308357097,49.50026133,42.50989603
58,-57.82879675,-3.339363073,49.38168825,42.34365458
58.2,-58.44704471,-3.37037061,49.26254842,42.17752865
58.4,-59.06715776,-3.401379728,49.14284324,42.01153466
58.6,-59.6891567,-3.432390447,49.02257413,41.84568953
58.8,-60.31306243,-3.463402789,48.90174259,41.68001063
59,-60.9388959,-3.494416773,48.78035012,41.51451587
59.2,-61.56667817,-3.52543242,48.6583983,41.34922367
59.4,-62.19643035,-3.55644975,48.53588874,41.18415302
59.6,-62.82817365,-3.587468782,48.41282308,41.01932349
59.8,-63.46192933,-3.618489537,48.28920301,40.85475525
60,-64.09771872,-3.649512033,48.16503028,40.69046911
